Workbook

Sheet 空芯（換算式）
A1: 電流 I [A] | B1: 磁束密度 B0 [T] | D1: 傾き k [T/A]（原点を通る近似） | F1: μ0 [H/m] | G1: k/μ0 [A/m/A]
A2: 0 | B2: 0 | D2: ← k | E2: =SUMPRODUCT(A2:A55,B2:B55)/SUMSQ(A2:A55) | F2: =4*PI()*1E-7 | G2: =E2/F2
A3: 0.2 | B3: 0.002
A4: 0.4 | B4: 0.005
A5: 0.6 | B5: 0.008
A6: 0.8 | B6: 0.009
A7: 1 | B7: 0.012
A8: 1.5 | B8: 0.019
A9: 2 | B9: 0.022
A10: 2.5 | B10: 0.029
A11: 3 | B11: 0.033
A12: 3.5 | B12: 0.04
A13: 4 | B13: 0.045
A14: 4.5 | B14: 0.051
... A55: 5 | B55: 0.055

Sheet アルニコ
A1: 電流 I [A] | B1: 磁束密度 B [T] | C1: 磁界 H [A/m] | D1: 透磁率 μ=B/H [H/m]
A2: 0 | B2: 0 | C2: =A2*'空芯（換算式）'!$G$2 | D2: =IF(C2=0,"",IF(B2="","",B2/C2))
A3: 0.2 | B3: 0.005 | C3: =A3*'空芯（換算式）'!$G$2 | D3: =IF(C3=0,"",IF(B3="","",B3/C3))
A4: 0.4 | B4: 0.011 | C4: =A4*'空芯（換算式）'!$G$2 | D4: =IF(C4=0,"",IF(B4="","",B4/C4))
A5: 0.6 | B5: 0.018 | C5: =A5*'空芯（換算式）'!$G$2 | D5: =IF(C5=0,"",IF(B5="","",B5/C5))
A6: 0.8 | B6: 0.023 | C6: =A6*'空芯（換算式）'!$G$2 | D6: =IF(C6=0,"",IF(B6="","",B6/C6))
A7: 1 | B7: 0.031 | C7: =A7*'空芯（換算式）'!$G$2 | D7: =IF(C7=0,"",IF(B7="","",B7/C7))
A8: 1.5 | B8: 0.047 | C8: =A8*'空芯（換算式）'!$G$2 | D8: =IF(C8=0,"",IF(B8="","",B8/C8))
A9: 2 | B9: 0.065 | C9: =A9*'空芯（換算式）'!$G$2 | D9: =IF(C9=0,"",IF(B9="","",B9/C9))
A10: 2.5 | B10: 0.082 | C10: =A10*'空芯（換算式）'!$G$2 | D10: =IF(C10=0,"",IF(B10="","",B10/C10))
A11: 3 | B11: 0.092 | C11: =A11*'空芯（換算式）'!$G$2 | D11: =IF(C11=0,"",IF(B11="","",B11/C11))
A12: 3.5 | B12: 0.1 | C12: =A12*'空芯（換算式）'!$G$2 | D12: =IF(C12=0,"",IF(B12="","",B12/C12))
A13: 4 | B13: 0.11 | C13: =A13*'空芯（換算式）'!$G$2 | D13: =IF(C13=0,"",IF(B13="","",B13/C13))
... A70: 6.5 | B70: 0.49 | C70: =A70*'空芯（換算式）'!$G$2 | D70: =IF(C70=0,"",IF(B70="","",B70/C70))

Sheet 純鉄
A1: 電流 I [A] | B1: 磁束密度 B [T] | C1: 磁界 H [A/m] | D1: 透磁率 μ=B/H [H/m]
A2: 0 | B2: 0 | C2: =A2*'空芯（換算式）'!$G$2 | D2: =IF(C2=0,"",IF(B2="","",B2/C2))
A3: 0.2 | B3: 0.13 | C3: =A3*'空芯（換算式）'!$G$2 | D3: =IF(C3=0,"",IF(B3="","",B3/C3))
A4: 0.4 | B4: 0.3 | C4: =A4*'空芯（換算式）'!$G$2 | D4: =IF(C4=0,"",IF(B4="","",B4/C4))
A5: 0.6 | B5: 0.33 | C5: =A5*'空芯（換算式）'!$G$2 | D5: =IF(C5=0,"",IF(B5="","",B5/C5))
A6: 0.8 | B6: 0.48 | C6: =A6*'空芯（換算式）'!$G$2 | D6: =IF(C6=0,"",IF(B6="","",B6/C6))
A7: 1 | B7: 0.51 | C7: =A7*'空芯（換算式）'!$G$2 | D7: =IF(C7=0,"",IF(B7="","",B7/C7))
A8: 1.5 | B8: 0.62 | C8: =A8*'空芯（換算式）'!$G$2 | D8: =IF(C8=0,"",IF(B8="","",B8/C8))
A9: 2 | B9: 0.73 | C9: =A9*'空芯（換算式）'!$G$2 | D9: =IF(C9=0,"",IF(B9="","",B9/C9))
A10: 2.5 | B10: 0.82 | C10: =A10*'空芯（換算式）'!$G$2 | D10: =IF(C10=0,"",IF(B10="","",B10/C10))
A11: 3 | B11: 0.9 | C11: =A11*'空芯（換算式）'!$G$2 | D11: =IF(C11=0,"",IF(B11="","",B11/C11))
A12: 3.5 | B12: 0.98 | C12: =A12*'空芯（換算式）'!$G$2 | D12: =IF(C12=0,"",IF(B12="","",B12/C12))
A13: 4 | B13: 1.02 | C13: =A13*'空芯（換算式）'!$G$2 | D13: =IF(C13=0,"",IF(B13="","",B13/C13))
... A55: 5 | B55: 1.2 | C55: =A55*'空芯（換算式）'!$G$2 | D55: =IF(C55=0,"",IF(B55="","",B55/C55))

Sheet グラフ 空芯
A1: (ⅰ) N 増加 | D1: (ⅱ) N 減少 | G1: (ⅲ) S 増加 | J1: (ⅳ) S 減少 | M1: (ⅴ) N 再び増加
A2: 励磁電流 I [A] | B2: B [T] | D2: 励磁電流 I [A] | E2: B [T] | G2: 励磁電流 I [A] | H2: B [T] | J2: 励磁電流 I [A] | K2: B [T] | M2: 励磁電流 I [A] | N2: B [T]
A3: 0 | B3: 0 | D3: 5 | E3: 0.055 | G3: 0 | H3: 0.001 | J3: -5 | K3: -0.052 | M3: 0 | N3: 0.001
A4: 0.2 | B4: 0.002 | D4: 4.5 | E4: 0.051 | G4: -0.5 | H4: -0.003 | J4: -4.5 | K4: -0.049 | M4: 0.5 | N4: 0.005
A5: 0.4 | B5: 0.005 | D5: 4 | E5: 0.048 | G5: -1 | H5: -0.011 | J5: -4 | K5: -0.045 | M5: 1 | N5: 0.012
A6: 0.6 | B6: 0.008 | D6: 3.5 | E6: 0.041 | G6: -1.5 | H6: -0.015 | J6: -3.5 | K6: -0.039 | M6: 1.5 | N6: 0.019
A7: 0.8 | B7: 0.009 | D7: 3 | E7: 0.036 | G7: -2 | H7: -0.021 | J7: -3 | K7: -0.032 | M7: 2 | N7: 0.022
A8: 1 | B8: 0.012 | D8: 2.5 | E8: 0.039 | G8: -2.5 | H8: -0.028 | J8: -2.5 | K8: -0.028 | M8: 2.5 | N8: 0.029
A9: 1.5 | B9: 0.019 | D9: 2 | E9: 0.024 | G9: -3 | H9: -0.032 | J9: -2 | K9: -0.021 | M9: 3 | N9: 0.032
A10: 2 | B10: 0.022 | D10: 1.5 | E10: 0.018 | G10: -3.5 | H10: -0.039 | J10: -1.5 | K10: -0.015 | M10: 3.5 | N10: 0.04
A11: 2.5 | B11: 0.029 | D11: 1 | E11: 0.013 | G11: -4 | H11: -0.042 | J11: -1 | K11: -0.009 | M11: 4 | N11: 0.045
A12: 3 | B12: 0.033 | D12: 0.5 | E12: 0.005 | G12: -4.5 | H12: -0.049 | J12: -0.5 | K12: -0.004 | M12: 4.5 | N12: 0.049
A13: 3.5 | B13: 0.04 | D13: 0 | E13: 0.001 | G13: -5 | H13: -0.052 | J13: 0 | K13: 0.001 | M13: 5 | N13: 0.055
A14: 4 | B14: 0.045
A15: 4.5 | B15: 0.051
A16: 5 | B16: 0.055

Sheet グラフ アルニコ I-B
A1: (ⅰ) N 増加 | D1: (ⅱ) N 減少 | G1: (ⅲ) S 増加 | J1: (ⅳ) S 減少 | M1: (ⅴ) N 再び増加
A2: 励磁電流 I [A] | B2: B [T] | D2: 励磁電流 I [A] | E2: B [T] | G2: 励磁電流 I [A] | H2: B [T] | J2: 励磁電流 I [A] | K2: B [T] | M2: 励磁電流 I [A] | N2: B [T]
A3: 0 | B3: 0 | D3: 6.5 | E3: 0.48 | G3: 0 | H3: 0.29 | J3: -6.5 | K3: -0.51 | M3: 0 | N3: -0.31
A4: 0.2 | B4: 0.005 | D4: 6 | E4: 0.48 | G4: -0.5 | H4: 0.28 | J4: -6 | K4: -0.5 | M4: 0.5 | N4: -0.3
A5: 0.4 | B5: 0.011 | D5: 5.5 | E5: 0.45 | G5: -1 | H5: 0.24 | J5: -5.5 | K5: -0.49 | M5: 1 | N5: -0.28
A6: 0.6 | B6: 0.018 | D6: 5 | E6: 0.42 | G6: -1.5 | H6: 0.21 | J6: -5 | K6: -0.48 | M6: 1.5 | N6: -0.25
A7: 0.8 | B7: 0.023 | D7: 4.5 | E7: 0.4 | G7: -2 | H7: 0.2 | J7: -4.5 | K7: -0.47 | M7: 2 | N7: -0.21
A8: 1 | B8: 0.031 | D8: 4 | E8: 0.39 | G8: -2.5 | H8: 0.18 | J8: -4 | K8: -0.45 | M8: 2.5 | N8: -0.2
A9: 1.5 | B9: 0.047 | D9: 3.5 | E9: 0.38 | G9: -3 | H9: 0.11 | J9: -3.5 | K9: -0.43 | M9: 3 | N9: -0.17
A10: 2 | B10: 0.065 | D10: 3 | E10: 0.38 | G10: -3.5 | H10: 0.091 | J10: -3 | K10: -0.41 | M10: 3.5 | N10: -0.1
A11: 2.5 | B11: 0.082 | D11: 2.5 | E11: 0.37 | G11: -4 | H11: 0.002 | J11: -2.5 | K11: -0.4 | M11: 4 | N11: -0.01
A12: 3 | B12: 0.092 | D12: 2 | E12: 0.36 | G12: -4.5 | H12: -0.071 | J12: -2 | K12: -0.39 | M12: 4.5 | N12: 0.097
A13: 3.5 | B13: 0.1 | D13: 1.5 | E13: 0.34 | G13: -5 | H13: -0.21 | J13: -1.5 | K13: -0.38 | M13: 5 | N13: 0.2
A14: 4 | B14: 0.11 | D14: 1 | E14: 0.31 | G14: -5.5 | H14: -0.31 | J14: -1 | K14: -0.35 | M14: 5.5 | N14: 0.28
... A16: 5 | B16: 0.21 | D16: 0 | E16: 0.29 | G16: -6.5 | H16: -0.51 | J16: 0 | K16: -0.31 | M16: 6.5 | N16: 0.49
A17: 5.5 | B17: 0.28
A18: 6 | B18: 0.38
A19: 6.5 | B19: 0.48

Sheet グラフ アルニコ B-H
A1: (ⅰ) N 増加 | D1: (ⅱ) N 減少 | G1: (ⅲ) S 増加 | J1: (ⅳ) S 減少 | M1: (ⅴ) N 再び増加
A2: 磁界 H [A/m] | B2: B [T] | D2: 磁界 H [A/m] | E2: B [T] | G2: 磁界 H [A/m] | H2: B [T] | J2: 磁界 H [A/m] | K2: B [T] | M2: 磁界 H [A/m] | N2: B [T]
A3: 0 | B3: 0 | D3: 57845.752 | E3: 0.48 | G3: 0 | H3: 0.29 | J3: -57845.752 | K3: -0.51 | M3: 0 | N3: -0.31
A4: 1779.8693 | B4: 0.005 | D4: 53396.078 | E4: 0.48 | G4: -4449.6732 | H4: 0.28 | J4: -53396.078 | K4: -0.5 | M4: 4449.6732 | N4: -0.3
A5: 3559.7386 | B5: 0.011 | D5: 48946.405 | E5: 0.45 | G5: -8899.3464 | H5: 0.24 | J5: -48946.405 | K5: -0.49 | M5: 8899.3464 | N5: -0.28
A6: 5339.6078 | B6: 0.018 | D6: 44496.732 | E6: 0.42 | G6: -13349.02 | H6: 0.21 | J6: -44496.732 | K6: -0.48 | M6: 13349.02 | N6: -0.25
A7: 7119.4771 | B7: 0.023 | D7: 40047.059 | E7: 0.4 | G7: -17798.693 | H7: 0.2 | J7: -40047.059 | K7: -0.47 | M7: 17798.693 | N7: -0.21
A8: 8899.3464 | B8: 0.031 | D8: 35597.386 | E8: 0.39 | G8: -22248.366 | H8: 0.18 | J8: -35597.386 | K8: -0.45 | M8: 22248.366 | N8: -0.2
A9: 13349.02 | B9: 0.047 | D9: 31147.712 | E9: 0.38 | G9: -26698.039 | H9: 0.11 | J9: -31147.712 | K9: -0.43 | M9: 26698.039 | N9: -0.17
A10: 17798.693 | B10: 0.065 | D10: 26698.039 | E10: 0.38 | G10: -31147.712 | H10: 0.091 | J10: -26698.039 | K10: -0.41 | M10: 31147.712 | N10: -0.1
A11: 22248.366 | B11: 0.082 | D11: 22248.366 | E11: 0.37 | G11: -35597.386 | H11: 0.002 | J11: -22248.366 | K11: -0.4 | M11: 35597.386 | N11: -0.01
A12: 26698.039 | B12: 0.092 | D12: 17798.693 | E12: 0.36 | G12: -40047.059 | H12: -0.071 | J12: -17798.693 | K12: -0.39 | M12: 40047.059 | N12: 0.097
A13: 31147.712 | B13: 0.1 | D13: 13349.02 | E13: 0.34 | G13: -44496.732 | H13: -0.21 | J13: -13349.02 | K13: -0.38 | M13: 44496.732 | N13: 0.2
A14: 35597.386 | B14: 0.11 | D14: 8899.3464 | E14: 0.31 | G14: -48946.405 | H14: -0.31 | J14: -8899.3464 | K14: -0.35 | M14: 48946.405 | N14: 0.28
... A16: 44496.732 | B16: 0.21 | D16: 0 | E16: 0.29 | G16: -57845.752 | H16: -0.51 | J16: 0 | K16: -0.31 | M16: 57845.752 | N16: 0.49
A17: 48946.405 | B17: 0.28
A18: 53396.078 | B18: 0.38
A19: 57845.752 | B19: 0.48

Sheet グラフ 純鉄
A1: (ⅰ) N 増加 | D1: (ⅱ) N 減少 | G1: (ⅲ) S 増加 | J1: (ⅳ) S 減少 | M1: (ⅴ) N 再び増加
A2: 励磁電流 I [A] | B2: B [T] | D2: 励磁電流 I [A] | E2: B [T] | G2: 励磁電流 I [A] | H2: B [T] | J2: 励磁電流 I [A] | K2: B [T] | M2: 励磁電流 I [A] | N2: B [T]
A3: 0 | B3: 0 | D3: 5 | E3: 1.13 | G3: 0 | H3: 0.01 | J3: -5 | K3: -1.23 | M3: 0 | N3: -0.05
A4: 0.2 | B4: 0.13 | D4: 4.5 | E4: 1.1 | G4: -0.5 | H4: -0.33 | J4: -4.5 | K4: -1.19 | M4: 0.5 | N4: 0.23
A5: 0.4 | B5: 0.3 | D5: 4 | E5: 1.08 | G5: -1 | H5: -0.57 | J5: -4 | K5: -1.11 | M5: 1 | N5: 0.52
A6: 0.6 | B6: 0.33 | D6: 3.5 | E6: 1 | G6: -1.5 | H6: -0.69 | J6: -3.5 | K6: -1.05 | M6: 1.5 | N6: 0.67
A7: 0.8 | B7: 0.48 | D7: 3 | E7: 0.92 | G7: -2 | H7: -0.8 | J7: -3 | K7: -1 | M7: 2 | N7: 0.75
A8: 1 | B8: 0.51 | D8: 2.5 | E8: 0.88 | G8: -2.5 | H8: -0.87 | J8: -2.5 | K8: -0.92 | M8: 2.5 | N8: 0.83
A9: 1.5 | B9: 0.62 | D9: 2 | E9: 0.8 | G9: -3 | H9: -0.95 | J9: -2 | K9: -0.83 | M9: 3 | N9: 0.91
A10: 2 | B10: 0.73 | D10: 1.5 | E10: 0.7 | G10: -3.5 | H10: -1.02 | J10: -1.5 | K10: -0.72 | M10: 3.5 | N10: 0.99
A11: 2.5 | B11: 0.82 | D11: 1 | E11: 0.59 | G11: -4 | H11: -1.1 | J11: -1 | K11: -0.62 | M11: 4 | N11: 1.07
A12: 3 | B12: 0.9 | D12: 0.5 | E12: 0.42 | G12: -4.5 | H12: -1.13 | J12: -0.5 | K12: -0.43 | M12: 4.5 | N12: 1.12
A13: 3.5 | B13: 0.98 | D13: 0 | E13: 0.01 | G13: -5 | H13: -1.23 | J13: 0 | K13: -0.05 | M13: 5 | N13: 1.2
A14: 4 | B14: 1.02
A15: 4.5 | B15: 1.09
A16: 5 | B16: 1.13

Sheet 透磁率曲線
A1: H [A/m] | B1: μ [H/m]
A2: 1779.8693 | B2: 2.8091951e-06
A3: 3559.7386 | B3: 3.0901146e-06
A4: 5339.6078 | B4: 3.3710341e-06
A5: 7119.4771 | B5: 3.2305743e-06
A6: 8899.3464 | B6: 3.4834019e-06
A7: 13349.02 | B7: 3.5208578e-06
A8: 17798.693 | B8: 3.6519536e-06
A9: 22248.366 | B9: 3.6856639e-06
A10: 26698.039 | B10: 3.445946e-06
A11: 31147.712 | B11: 3.2105087e-06
A12: 35597.386 | B12: 3.0901146e-06
A13: 40047.059 | B13: 3.9952997e-06
... A17: 57845.752 | B17: 8.2979301e-06

Sheet 平行平板 V-x
A1: x [mm] | B1: V [V]
A2: 0 | B2: 1
A3: 43.7 | B3: 0.6
A4: 86.9 | B4: 0.3
A5: 126.1 | B5: 0
A6: 167.1 | B6: -0.3
A7: 205.8 | B7: -0.6
A8: 245.2 | B8: -1
